{"Lagoa do Peixoto":{"lagoa":"Lagoa do Peixoto","periodo":"2026-04","ndci_mean":0.05624611629205581,"ndci_p90":0.07563240304606127,"turbidez":-0.05708099519911341,"fai_mean":-161.36482981964804,"ndwi_mean":0.613609824004006,"n_pixels":4020,"status":"moderado"},"Lagoa dos Barros":{"lagoa":"Lagoa dos Barros","periodo":"2023-06","ndci_mean":0.017106721817065535,"ndci_p90":0.04198779170228171,"turbidez":0.014296792891397035,"fai_mean":-101.60569332999698,"ndwi_mean":0.22646494673172063,"n_pixels":787808,"status":"bom"}}