{"Lagoa do Peixoto":{"lagoa":"Lagoa do Peixoto","periodo":"2026-04","ndci_mean":0.05624611629205581,"ndci_p90":0.07563240304606127,"turbidez":-0.05708099519911341,"fai_mean":-161.36482981964804,"ndwi_mean":0.613609824004006,"n_pixels":4020,"status":"moderado"},"Lagoa dos Barros":{"lagoa":"Lagoa dos Barros","periodo":"2026-04","ndci_mean":0.017756459874295527,"ndci_p90":0.03414100763519713,"turbidez":-0.023441009702107635,"fai_mean":-167.83788591250726,"ndwi_mean":0.41514311676132387,"n_pixels":196952,"status":"bom"}}