{"Lagoa do Peixoto":{"lagoa":"Lagoa do Peixoto","periodo":"2026-04","ndci_mean":0.05624611629205581,"ndci_p90":0.07563240304606127,"turbidez":-0.05708099519911341,"fai_mean":-161.36482981964804,"ndwi_mean":0.613609824004006,"n_pixels":4020,"status":"moderado"},"Lagoa dos Barros":{"lagoa":"Lagoa dos Barros","periodo":"2025-10","ndci_mean":-0.0022025229474362568,"ndci_p90":0.01317046711782946,"turbidez":-0.002622147309510518,"fai_mean":-160.11629057382618,"ndwi_mean":0.2192322795331609,"n_pixels":393904,"status":"bom"}}