{"Lagoa do Peixoto":{"lagoa":"Lagoa do Peixoto","periodo":"2026-04","ndci_mean":0.0594158207016774,"ndci_p90":0.0759597918673953,"turbidez":-0.057937695377475736,"fai_mean":-138.8505268917726,"ndwi_mean":0.5882218128389128,"n_pixels":5298,"status":"moderado"},"Lagoa dos Quadros":{"lagoa":"Lagoa dos Quadros","periodo":"2026-04","ndci_mean":-0.056267619385332125,"ndci_p90":0.025259740830386627,"turbidez":-0.02571017443367599,"fai_mean":-331.9991688609123,"ndwi_mean":0.5525431630053662,"n_pixels":539333,"status":"bom"},"Lagoa dos Barros":{"lagoa":"Lagoa dos Barros","periodo":"2026-04","ndci_mean":0.017756459874295527,"ndci_p90":0.03414100763519713,"turbidez":-0.023441009702107635,"fai_mean":-167.83788591250726,"ndwi_mean":0.41514311676132387,"n_pixels":196952,"status":"bom"}}