{"Lagoa Caconde":{"lagoa":"Lagoa Caconde","periodo":"2026-04","ndci_mean":0.02902866110442203,"ndci_p90":0.07203768736499602,"turbidez":-0.23479683571977822,"fai_mean":-69.47091631989986,"ndwi_mean":0.691670724042502,"n_pixels":12278,"status":"moderado"},"Lagoa do Peixoto":{"lagoa":"Lagoa do Peixoto","periodo":"2026-04","ndci_mean":0.035161494997629855,"ndci_p90":0.05650556574295176,"turbidez":-0.04773208873501343,"fai_mean":-104.29514345707857,"ndwi_mean":0.42262973950664023,"n_pixels":11030,"status":"moderado"},"Lagoa Itapeva":{"lagoa":"Lagoa Itapeva","periodo":"2026-04","ndci_mean":-0.06687086270584311,"ndci_p90":0.025259740830386627,"turbidez":-0.03184615384989601,"fai_mean":-343.36612579554594,"ndwi_mean":0.5733644468229064,"n_pixels":711405,"status":"bom"},"Lagoa dos Barros":{"lagoa":"Lagoa dos Barros","periodo":"2026-04","ndci_mean":-0.013892116481084828,"ndci_p90":0.012603694701970964,"turbidez":-0.018017499300603205,"fai_mean":-169.482218422115,"ndwi_mean":0.3720285753067732,"n_pixels":136154,"status":"bom"}}